Best Version,Best Model,Test Accuracy,Test Precision,Test Recall,Test F1-score,Test ROC-AUC
Forward-Fill,Random Forest,0.8897348052277629,0.5511022044088176,0.29891304347826086,0.3875968992248062,0.7741959863337976
