Version,Model,Accuracy,Precision,Recall,F1-score,ROC-AUC
Forward-Fill,Random Forest,0.8869658247652099,0.5285740541206906,0.28903486776742204,0.3735036968249465,0.771122671423691
Mean Imputation,Random Forest,0.8859252574945717,0.5205960878858303,0.2857706864739556,0.3687534637634219,0.7711581139899504
Forward-Fill,Logistic Regression,0.8964826090121008,0.6624510592176127,0.23075128920849694,0.3420878244552208,0.7922167336048036
Mean Imputation,Logistic Regression,0.8963557118997885,0.6605325059551252,0.23053342480011355,0.3416061731417378,0.7922754308261231
